condition,path,controller,run,csv,rows_export,rows_hold_dropped,rows_used,rows_watchdog,ref_discontinuities,app_duration_s,app_travelled_m,app_speed_mean,app_speed_max,app_dist_mean,app_dist_median,app_dist_max,app_dist_final,app_thr_right_abs,app_thr_left_abs,app_thr_imbalance,app_jumps,t_capture_s,peak_pre_capture_m,duration_s,travelled_m,ref_progress_m,design_length_m,completion_pct,excursions_gt1m,excursions_gt2m,pct_time_xte_gt1m,dist_mean,dist_median,dist_rms,dist_std,dist_p95,dist_max,dist_min,xte_mean,xte_median,xte_rms,xte_std,xte_p95,xte_max,xte_min,along_mean,along_p95,ref_progress_post_m,path_length_ratio,kappa_p75_rad_per_m,xte_rms_hi_curv,xte_rms_lo_curv,speed_mean,speed_median,speed_rms,speed_std,speed_p95,speed_max,speed_min,speed_cov,speed_authored,speed_ref_achieved,speed_ref_frac,speed_err_vs_ref_mean,speed_ref_predicted,governor_err_pct,thr_right_abs_mean,thr_left_abs_mean,thr_right_rms,thr_left_rms,thr_right_max,thr_left_max,thr_total_mean,thr_diff_mean,thr_diff_rms,thr_imbalance_mean,sat_fraction,effort_Ns,effort_per_m,cmd_rate_Nps,head_err_mean_abs,head_err_rms,head_err_p95,yaw_rate_mean_abs,yaw_rate_rms,yaw_reversals_per_min,roll_std,pitch_std,roll_range,roll_rate_rms,pitch_rate_rms,align_off_e,align_off_n,align_residual_m
real,Sin,PID,Sin_PID,Sin_PID.csv,1006,0,856,0,0,331.6502229999751,135.8199276173222,0.40837842977699035,0.9778306936733878,1.5951429620454933,1.1720262733006344,6.4730188402153255,0.368325093264828,3.9743188273746735,1.8909585531958366,2.2783270569446,0.0,49.50011500006076,3.5663725508637523,331.6502229999751,135.8199276173222,129.64146935957405,132.209,98.05797590146967,0,0,0.0,1.08834680052557,1.1250779239859554,1.1218018265841663,0.2719201719500173,1.4699022581322603,1.7140008854501532,0.15732141339929828,0.3289891703344888,0.31064781503275596,0.386963237229972,0.20373186488648332,0.7047639297958588,0.9805059477080458,0.00042356584474734465,1.0085798326155717,1.4170964155437995,111.1654663785639,1.0537445564495767,0.09698111766678863,0.3180608269204254,0.4073489487931666,0.4140211135568505,0.40706917439106677,0.42755668466992847,0.10672973407202979,0.6152810840473766,0.8114542514202343,0.15120505008227478,0.2577881431096977,0.5,0.39399405928491676,0.7879881185698335,0.08224803108264843,0.3982840334768857,-1.0771142780991954,4.156793103257551,1.8148782382097255,4.5716895353816005,2.530259892220429,10.99780559539795,9.881000518798828,5.971671341467276,4.373568737736255,5.647215933712579,2.9064121677470975,0.0,1686.8748153192341,15.174450036261577,0.5811762308223345,0.14510755275268392,0.20175882447486182,0.4617309750402152,0.06178926858335905,0.08686141899498455,6.804888410677422,0.028366887296453636,0.036960954743386135,0.23503569513559341,0.1510213649447044,0.19702489451640082,1.4408648185464097,-25.95970525341655,0.00308205381464369
real,Sin,LoS,Sin_LoS,Sin_LoS.csv,1193,0,1151,0,0,393.3596179999877,127.2712374768612,0.3215787863691191,0.719040085915722,1.5029346712237805,1.52585666545663,2.9014501574370737,1.29222355626093,3.4472801011039707,2.126013420275623,2.450735133109175,0.0,13.859590000007302,2.5030466485910416,393.3596179999877,127.2712374768612,131.23206728176154,132.209,99.26106942928358,2,0,2.867078754512152,1.4805937816567587,1.509399213226709,1.5013378601488783,0.24871152775002522,1.8437052546237067,2.14378473235484,0.6402758450943525,0.34219160670436255,0.28227500987733906,0.44146904463670333,0.27892619395375984,0.8571490892900631,1.3742493410111434,5.077996801514451e-05,1.3541822825110186,1.8185658845181416,125.16032410964024,0.9851717138706448,0.08602571259724356,0.628683533273391,0.35781956879945176,0.32305964236734763,0.31872592030411523,0.3361538829582494,0.0929080217278887,0.48274883642936606,0.719040085915722,0.07531298566879176,0.287587830677544,0.5,0.3298032012520608,0.6596064025041216,0.07161423526232302,0.3291635434977963,0.19432825016625277,3.365721702244363,2.056692241495595,3.8488281603093912,2.6385731233274403,10.11239242553711,9.363152503967285,5.422413943739957,3.8686361788164585,4.966315719923046,2.293203242607525,0.0,2059.596011513663,16.455662177012744,2.4999487739122177,0.12971620194915146,0.1714639584782453,0.39072289156171025,0.07345182023578155,0.09919500256960091,12.490117655538738,0.030116801637954112,0.03912513135443095,0.2786804288625717,0.15746814506168672,0.22503872134206468,8.414281096005364,-28.887407860690274,0.027789033230025288
real,Sin,MPC,Sin_MPC,Sin_MPC.csv,805,0,803,0,0,265.319169000024,129.2551942904774,0.4851437628235879,0.8134255603471396,0.3725788784489804,0.31806423279578394,3.4264292272112535,0.06573199060501878,5.769360029497849,5.168602396639192,2.9308442292613504,0.0,0.6598010000307113,1.2015250381879141,265.319169000024,129.2551942904774,131.48778759802087,132.209,99.45449069126978,0,0,0.0,0.3651464351601135,0.3179950120042756,0.4423064864588004,0.24960590708833397,0.6907456139594754,2.9160577078322425,0.02424028568136669,0.2525553810423547,0.22672951165476982,0.31243230773702707,0.18392859055741012,0.5924706794459671,0.767002386501902,3.4437890257641324e-05,-0.22490355205632487,-0.024852593696928712,131.16285338957337,0.9820659922223316,0.09558522176868485,0.39835869539591984,0.27788767683927473,0.48536152096573476,0.49371416318827555,0.4995377903441724,0.11816174485749173,0.6665823318803662,0.8134255603471396,0.01907161810250117,0.2434509942658467,0.5,0.4955911985309989,0.9911823970619978,0.0898461695773599,0.5,-0.8817602938002156,5.739759836473393,5.131667522133292,7.0199089633143075,6.531740338945777,20.0,20.0,10.871427358606686,5.375061266458367,7.739274332481412,2.8443519960763264,0.0161892901618929,2880.814165271575,21.963643598962612,9.887552352678943,0.09840522732417846,0.15091020895612758,0.2582778380563545,0.08176165943578811,0.12380050879053374,13.148977216631488,0.029157894051772767,0.03757235690543002,0.2490918338298797,0.16149960503560998,0.22755203931048193,6.225274925732771,-26.015364998672663,0.03239222637227585
real,Square,PID,Square_PID,Square_PID.csv,1180,0,1177,0,0,389.0699060000479,182.11608320908329,0.46601944446644794,0.8405920529774986,0.9576445592844568,0.9975490342399347,2.4921908593515267,1.2802849645166847,4.428097842758427,2.3358895737616647,3.601420219498884,0.0,0.9899420000147074,1.2796795567679171,389.0699060000479,182.11608320908329,170.59603557581588,174.482,97.7728565558716,5,1,11.384718433943457,0.9565573051390953,0.9952458183007393,1.051403072312272,0.4364018130722148,1.5720500978646716,2.4921908593515267,0.021105398878332113,0.4881630024764755,0.37511634826660156,0.661490336404265,0.4463925942143085,1.3426397636423357,2.486547589302063,0.00027573108673095703,0.6926962100862701,1.2415992559896187,170.18739177277908,1.0680416467784455,0.00013566038381316055,0.48862896946925694,0.7097639129970617,0.4664094654535324,0.4641092582133075,0.4798306633755553,0.11269283939441616,0.6502449502914617,0.8405920529774986,0.12361321513498516,0.24161782241026059,0.5,0.4385369190890889,0.8770738381781777,0.09163169833979375,0.461460757982746,-4.967668105489101,4.436362974134318,2.3341180078636743,5.305426846880576,3.0886077290042695,20.0,16.435300827026367,6.770480981997991,4.652664051239458,6.99722693649158,3.6152729694817403,0.005097706032285472,2629.722704406523,15.451924358283389,0.9586993569902387,0.2867209754091764,0.38498534082626923,0.7396622737222395,0.06763415704380911,0.10114896409555608,14.069265374389524,0.04523537705580069,0.03650702876613649,0.36374011635780334,0.2388257247276564,0.21499555955568686,4.451902839752501,-29.11004684250568,0.002907027457536092
real,Square,LoS,Square_LoS,Square_LoS.csv,1587,0,1587,0,0,523.3796319999965,181.64766367536947,0.3443367087101315,0.6587535071231074,1.503269105744312,1.4866034932252585,2.3451397091278774,0.6642975861551311,3.348159472144983,2.3428458750786882,2.2815049167869965,0.0,0.0,0.3630653630618329,523.3796319999965,181.64766367536947,169.28389568722272,174.482,97.02083635402089,11,0,4.095511394993669,1.503269105744312,1.4866034932252585,1.5326424524500737,0.2986216381424386,1.989923331388679,2.3451397091278774,0.6642975861551311,0.4699504417629842,0.4416847229003906,0.5484708702486731,0.28278415407888896,0.9540887609147798,1.2974662780761719,7.5658645534437685e-06,1.347927418968252,1.8592756373418873,169.28389568722272,1.0730357009918454,0.00013583230844715327,0.5747205649624814,0.5394295376478876,0.3443367087101315,0.34186659455090956,0.3584126493483463,0.09945782144997319,0.50458047843287,0.6587535071231074,0.041377900112152866,0.28883885724103403,0.5,0.3234437974598596,0.6468875949197193,0.0819332754961735,0.3304145162063496,-2.10968901322018,3.3481721477406876,2.3428486970803672,4.398961656766003,3.513394783789316,19.98546600341797,20.0,5.691020844821054,4.2525209581804715,6.69157805672971,2.2815150209263386,0.005671077504725898,2980.4415075546635,17.606172728098567,2.83418074359996,0.30156877004811017,0.4322787095512944,1.1961008111622666,0.08164670460544736,0.12543815464845232,14.44458197792468,0.04160681868300911,0.03773936004628914,0.36485688388347626,0.21750067468855816,0.21856724943722164,2.7708938830316114,-14.5939852434858,0.07476839344389978
real,Square,MPC,Square_MPC,Square_MPC.csv,1048,0,1048,0,0,345.509252000018,177.22392827259787,0.5104201617502765,1.1443665348284748,0.5084401205099485,0.4648170503121176,1.2525723974352556,1.040527852836816,6.773217958048028,5.869084207501479,3.039938179477036,0.0,0.0,0.06829952726904315,345.509252000018,177.22392827259787,171.27321005531155,174.482,98.1609621939865,4,0,1.3359175191630257,0.5084401205099485,0.4648170503121176,0.5748040798653102,0.2681200740072164,0.9587117256193047,1.2525723974352556,0.034500590152911244,0.41056297577023654,0.3752511773648668,0.48856031563640534,0.26481923068658025,0.8682003021240234,1.200864553451538,0.00013170734397711025,-0.23177821738972312,0.006929695606231636,171.27321005531155,1.0347440105511223,0.00011210891825711873,0.4662965191072743,0.4957231199072368,0.5104201617502765,0.5126516960235556,0.5303350444757943,0.1439670722004319,0.751464893570085,1.1443665348284748,0.07295923189253616,0.2820560059907428,0.5,0.49571236968005306,0.9914247393601061,0.10815466924145843,0.5,-0.8575260639893889,6.773141753289579,5.8689582787539125,8.641561877658082,7.727135332047176,20.0,20.0,12.64210003204349,6.99655254874485,10.716044670847202,3.039941223457903,0.08015267175572519,4372.130013019972,25.527226421505272,10.708035622062017,0.20860010851168612,0.32034817468018095,0.5419444972254945,0.10187325963083094,0.1663326605830566,21.012461918095383,0.040641430503616835,0.036757930553755994,0.31382399797439553,0.22001392205369866,0.2143831557240983,0.1662536310918117,-17.176597429222472,0.012565126957616692
real,ToughAngles,PID,ToughAngles_PID,ToughAngles_PID.csv,826,0,814,0,0,272.2494759999681,150.75363564734312,0.5520058858359207,0.9529693292949987,1.4632790513364333,1.3549551056146898,5.073898462392921,0.3459787214894255,4.229912985330893,3.42257162902423,1.3296150112673741,0.0,3.959718000027351,1.8766720685237064,272.2494759999681,150.75363564734312,140.0801816980027,155.58,90.03739664352916,4,2,9.705027829954012,1.457261294018123,1.3524686177717489,1.6704623363207987,0.8165990068711613,3.2080924942931337,5.073898462392921,0.3387284147159862,0.4628307182854255,0.1950609161200098,0.8951802188952465,0.7662475778185134,2.0151564554705694,4.792131751332997,0.0002918859457986634,1.1581933129715523,1.6123677439646886,138.08788368585257,1.0807839514737505,0.05148014689844,0.35207688686084987,1.0138463578687862,0.5547161447761928,0.5321745113280725,0.5720659088837894,0.1398191790552138,0.8190316403683275,0.9529693292949987,0.26737307069528926,0.25205536267855627,0.7,0.5146968140538672,0.7352811629340961,0.11512324947937805,0.5157058723679654,-0.19566546905212712,4.183037626548983,3.433935810806433,5.239383539937915,4.183462685542346,20.0,16.921245574951172,7.6169734373554165,3.8398438940785176,6.992406540995324,1.2026195280628433,0.0036855036855036856,2046.0683236762154,14.817145929551529,0.7806851820471962,0.318360642547694,0.6139737783069861,1.8042072571909153,0.05965557366044516,0.0890559626781406,12.076495294318,0.03986992912363204,0.03235540585017413,0.3383659124374392,0.20426114038703957,0.18597612525013893,-1.7087178965487508,-14.961339562650705,0.016526508251324894
real,ToughAngles,LoS,ToughAngles_LoS,ToughAngles_LoS.csv,947,0,934,0,0,312.1799780000001,142.8084370946929,0.45543238830090677,0.8416013506874673,1.4664053084910906,1.4681668309605067,1.949432067254339,0.7573632704514057,3.2586029193992507,2.8103118080039997,0.8763658194365069,0.0,4.290854000020772,1.3351031123628465,312.1799780000001,142.8084370946929,141.46841907452907,155.58,90.9296947387383,1,0,0.42832402879109727,1.4646112239110283,1.4671500603410481,1.4812778160448774,0.22158052960610386,1.7955972519487848,1.949432067254339,0.5409676263888217,0.32305127921570725,0.27762178123167164,0.39199507144752,0.22203154513771567,0.7323827968743781,1.0317248487661799,0.0003311661986741422,1.3805721516709462,1.7801886072235482,139.25476860186035,1.0179884357709148,0.052604808608762196,0.44743887959477907,0.3716207823899314,0.4585476140918821,0.4606804160077221,0.46865560649362265,0.09680993290229903,0.607158247941201,0.8416013506874673,0.04580506552095723,0.21112296722778412,0.7,0.45228869013856327,0.6461267001979476,0.07460122169319927,0.45343979753213504,-0.2538611299309678,3.171864068994702,2.7296485535649704,4.146901682172105,3.789782514905108,20.0,20.0,5.901512622559673,3.247498177595565,5.81976043285515,0.7268460329986683,0.011777301927194861,1818.9610219053695,13.062109399685358,2.24402366136747,0.22638381794606446,0.4517261332958656,0.3615742954597165,0.0665281542518081,0.10960478666145221,15.395152444554418,0.040282211078361455,0.03026951664416823,0.2687927931547164,0.20467831147181748,0.18231188321084513,8.903805682130121,-17.37697251261905,0.03337430117485278
real,ToughAngles,MPC,ToughAngles_MPC,ToughAngles_MPC.csv,619,0,619,0,0,203.93968800001312,141.34091917897922,0.6907105372292133,1.1597343652057979,0.3974518889796875,0.384246970201021,0.9175480883006406,0.5398845619456721,6.8776442786808065,6.935148419213506,0.3013969103298688,0.0,0.0,0.21433890972708336,203.93968800001312,141.34091917897922,142.57191528077723,155.58,91.63897369891838,0,0,0.0,0.3974518889796875,0.384246970201021,0.4391162759316852,0.18669520544082027,0.7009781633282232,0.9175480883006406,0.047830776152749534,0.26538110209669263,0.23517962184377303,0.3271934546819337,0.19138554657194834,0.5940190171185339,0.7978351156652566,1.950974522216686e-05,-0.23243771758749884,0.021000977105638013,142.57191528077723,0.9913657882804358,0.046991207792382486,0.31790536999908453,0.330237952638781,0.6907105372292133,0.7108983913324578,0.7056075501148042,0.14422540878620405,0.8593830833642832,1.1597343652057979,0.07468355530581015,0.20880730930320618,0.7,0.6990886211455225,0.9986980302078894,0.09473148194462924,0.7,-0.13019697921106452,6.877583958384457,6.9351784866448805,8.618672914220145,8.571935665446286,20.0,20.0,13.812762445029339,6.331682161778093,10.415037962571645,0.3013512430015122,0.07754442649434572,2821.524614112138,19.790185244797367,9.88591217006774,0.22551164608969368,0.4934871050385073,1.1889636279497837,0.09647937452643267,0.16763456425011433,18.240686923085615,0.04238199481183223,0.028319685150330388,0.35751205682754517,0.21986407355522397,0.17292002676767035,7.370577731699213,-22.442009344371545,0.03191129502855789
real,Lawnmower,PID,Lawnmower_PID,Lawnmower_PID.csv,1108,0,1108,0,0,365.31016999995336,158.68794370496315,0.43262969749871033,0.8236548403822387,0.9763908344580354,0.9800145697805062,1.919648990704199,0.3808977830021843,4.664705406060772,2.234596419234723,2.998608433247278,0.0,0.0,0.8310117721557617,365.31016999995336,158.68794370496315,155.0938199670363,228.069,68.00302538575444,4,0,3.97115713573304,0.9763908344580354,0.9800145697805062,1.04198690884211,0.3638648878150753,1.5892233666379065,1.919648990704199,0.12211436131478173,0.42297589455451406,0.37809784710407257,0.5079349474949318,0.2812282053999701,0.9401788234710688,1.5398551225662231,0.0005206763744354248,0.8175272022670318,1.3192930042743674,155.0938199670363,1.0231738681701872,0.0,0.4586529322436509,0.5116688660804523,0.43262969749871033,0.42418296798934846,0.44830159644322065,0.117498366864032,0.6381235092742837,0.8236548403822387,0.07294287612164377,0.27159108018557204,0.5,0.42455379757715506,0.8491075951543101,0.09241502223426656,0.43649455954659366,-2.7356038484974494,4.664710510518832,2.2346054508537923,5.337181634349181,3.117298270473586,16.8327579498291,14.244898796081543,6.899315961372624,4.828330327477935,7.034677504711342,2.998567205216606,0.0,2522.6680682999604,16.265432554541047,0.9823024416157613,0.21218705372241045,0.35712100413759745,0.7580886526496743,0.0774028760772605,0.118090438691085,12.318299268811964,0.029546023836283897,0.04316990641475666,0.2594700381159783,0.15877374473224154,0.2467080557292339,2.43838661822287,-16.44188879010169,0.051070487761690805
real,Lawnmower,LoS,Lawnmower_LoS,Lawnmower_LoS.csv,1493,0,1470,0,0,492.3606510000536,152.00055089557577,0.30586984849579335,0.725391743297221,1.5921796444063556,1.597124128465874,2.2268670699687236,1.2689968046958255,3.8746241665645194,2.348226983631647,2.4906786417353737,0.0,7.590694000013173,1.214289665222168,492.3606510000536,152.00055089557577,154.12909485099797,228.069,67.58002834712214,9,0,5.9183522011141845,1.5956286913771487,1.6002005296087587,1.6156089367207829,0.2533008402396385,2.0202330360869154,2.2268670699687236,0.8434430241867295,0.4676065287698491,0.44598472118377686,0.5665817814977568,0.31993600825318824,1.0250104486942289,1.4679584503173828,0.0004425048828125,1.4082080391782603,1.922639000415802,150.7787015557099,0.9952462953798289,0.0,0.3828363491108561,0.5763013476571098,0.3068464319275769,0.29807929183647186,0.3222036390393397,0.09828759954087828,0.4702281581612227,0.725391743297221,0.05142826675412453,0.32031527602731424,0.5,0.3110314477588332,0.6220628955176664,0.07806119254642821,0.3183583921643479,-2.301476758851171,3.8171084074226767,2.2828291188014633,4.83324083535584,3.557537372304677,20.0,20.0,6.09993752622414,4.408970771379909,7.036338511000269,2.592470669567338,0.003401360544217687,2959.0822162960985,19.62533292676468,3.3806611025121573,0.2902251164011985,0.43873489492623213,1.203845167160034,0.08644505575835605,0.13633443519412605,19.926977446746342,0.03327314942290573,0.04461512843274138,0.28831568360328685,0.16477905435972995,0.24172108784544283,4.8213553594151355,-25.02462153010822,0.029607018332665186
real,Lawnmower,MPC,Lawnmower_MPC,Lawnmower_MPC.csv,949,0,949,0,0,312.83974700002,157.2468111688931,0.4997828697808261,1.0942296245148024,0.3242863618421341,0.31912375195839926,0.7444361214903877,0.3313103858267917,8.237957114189028,6.7265624713666154,3.2664642239235304,0.0,0.0,0.31372229632348714,312.83974700002,157.2468111688931,155.1269234400025,228.069,68.01754006024603,0,0,0.0,0.3242863618421341,0.31912375195839926,0.3525492009932394,0.13830869330654508,0.5639847906610349,0.7444361214903877,0.02128555393065632,0.2372657340179512,0.23021697998046875,0.2799278253518841,0.14854143821559612,0.5159964323043823,0.6326329112052917,7.62939453125e-05,-0.1479838995054408,0.08151289224624614,155.1269234400025,1.0136655048774332,0.0,0.2193596750826754,0.28445932089118736,0.4997828697808261,0.5011464494513825,0.5234501343271689,0.15561852781970703,0.7405519663613869,1.0942296245148024,0.05563907772580659,0.31137227229887193,0.5,0.4958670531081608,0.9917341062163216,0.12252920624098713,0.5,-0.8265893783678369,8.23807894147008,6.726645097797962,10.197787868933908,8.807882262351743,20.0,20.0,14.964724039268043,8.273657060963384,12.698078212797997,3.2664185498858855,0.13909378292939936,4686.499305209428,30.210740993790136,13.269060457820842,0.14358691505303017,0.2828461025159628,0.6069455679891841,0.12264842982762748,0.20177052133776122,25.891850628556742,0.03401320728503454,0.0463001525816967,0.31793200969696034,0.17895334692038936,0.279524850388027,4.673574350500035,-25.71480237318231,0.07960374918031925
sim,Sin,PID,sim_Sin_PID,Sim_sin_PID.csv,831,7,772,0,0,273.8999999999942,113.5247522803059,0.41402556141582375,0.7563815074723566,1.3273886225992764,0.9988350489180857,9.912255573637323,0.8806550833267418,7.8411250908452255,8.583318938990937,-0.8081497925857066,0.0,17.160000000003492,7.528548229706505,271.5899999999965,113.52256472689362,104.70395143066584,132.209,79.19578200475446,0,0,0.0,1.0015018210979163,0.9923865691153602,1.0065775628953466,0.10095787468985568,1.1240171958266978,1.8208338590984159,0.7031771396835065,0.06996029578262175,0.04057356069767955,0.11063575476652353,0.08570780155135478,0.1878395596780471,0.9411442177361962,0.0002812999313098567,0.9853130861316843,1.1049857252742656,103.00224585641313,1.0028677831584925,0.10375994293523029,0.10291855964622705,0.11309118888663748,0.40583077176632615,0.40742398417221204,0.40623196488555663,0.01804976405187276,0.4312000526044728,0.4848496727545123,0.3043845883208246,0.04447608537251497,0.5,0.40483530187641376,0.8096706037528275,0.013947969025759854,0.4029373827736631,0.4710208543288129,7.671942534533118,8.053954065463602,7.864997283123254,8.221823975346222,13.414140701293945,13.707857131958008,15.72589659999672,1.714772448638568,3.265763208859758,-0.38201153093048446,0.0,4006.329417815082,38.89555401927811,0.6049313804045167,0.05452338666161855,0.08185272936610367,0.175753533814609,0.04872658759785053,0.08121502161132312,0.9432849899776229,0.003333122675649302,0.0011577227118702146,0.018690366847203307,0.0027015831261997737,0.0010241883298441185,nan,nan,nan
sim,Sin,LoS,sim_Sin_LoS,Sim_sin_LoS.csv,828,4,730,0,0,272.9100000000035,94.63392290889077,0.34637879954405465,0.3572302625446766,1.7947664891074213,1.2614388757177832,9.9321851423135,1.2616021315191877,6.411296182784481,6.652167047855359,-0.4926571448644008,0.0,31.020000000004075,6.888527053828842,271.59000000001106,94.63266345121592,89.87232277205925,132.209,67.97746202759211,0,0,0.0,1.2638169552407557,1.2606528305180817,1.2670384610691388,0.09029488066572304,1.3299353542967802,2.029756902165816,1.066083076364446,0.09218594591968578,0.027149014272076062,0.165234497587065,0.137128372584752,0.355247827132229,0.9983793528417535,6.617377136991848e-05,1.2290906195220919,1.3163792624167043,85.83127897849096,0.9827875931847175,0.09293511039651794,0.2284779531007589,0.13795948277988682,0.35046580770324526,0.3543459771884949,0.35052925710742594,0.0066691618060868065,0.3554934649517372,0.3566829269345503,0.22152390549716947,0.019029422156166168,0.5,0.3567829695244148,0.7135659390488296,0.006317161821169473,0.3541818760955816,0.7343948418555566,6.4477313581073386,6.490136973914288,6.576023838989461,6.617833808875875,10.723959922790527,10.681699752807617,12.937868332021626,1.3120466167374445,2.5836941444873385,-0.04240561580694978,0.0,3116.7324811841227,36.31231549008102,0.1800971489869284,0.05042034533674221,0.0969763155087775,0.2755371322141556,0.04119344576840703,0.06947769319488413,0.7482229704451709,0.002584148562453251,0.0005946943433690828,0.014691920519042686,0.0022136268834942164,0.00040575552272992856,nan,nan,nan
sim,Sin,MPC,sim_Sin_MPC,Sim_sin_MPC.csv,826,9,765,0,0,272.25,135.37275844099054,0.4966686152874254,0.7819443446206614,0.47528909998868174,0.03181306164617839,10.049447828612045,0.02044953884767825,10.675749780768054,10.910619233768731,-0.864409404574527,0.0,17.160000000003492,6.635910216051393,269.27999999999884,135.37079634443427,129.80082525394155,132.209,98.17850921944917,0,0,0.0,0.07828876078286447,0.029464133705912787,0.14009737827181137,0.11618151889917101,0.2652694084348989,1.2783103537602503,0.0034651494656184573,0.060941475225743155,0.013970003771523413,0.11490903245915382,0.09741777218767118,0.25391857712686405,0.9826520374816,0.00014523903593491972,0.024233593052853507,0.049259731372708476,125.95836934433771,0.9903715339328533,0.10222948979944674,0.17848576235824895,0.08364941174543415,0.4946928352637836,0.4964027502739987,0.49571847913334827,0.031871763254625936,0.5127791516179974,0.7028066565964569,0.34000853403875225,0.06442737994705552,0.5,0.4995968957018088,0.9991937914036176,0.01755587459403651,0.5,-0.08062085963823629,10.329716920229398,10.423177441428718,10.589377142580416,10.726211010427228,20.0,20.0,20.752894361658115,2.4446474673705247,4.557701763156839,-0.041172939499694514,0.013071895424836602,5239.068181600531,41.593648829148215,1.3832181621176505,0.06398913343133039,0.09758995332435053,0.2359093477960493,0.058922066484428263,0.09673789091058695,1.1899095668729396,0.004519382603082947,0.00214190081890028,0.021480819946341375,0.0034941581989415926,0.0018633778302718127,nan,nan,nan
sim,Square,PID,sim_Square_PID,sim_Square_PID.csv,1098,3,1060,1,0,362.0100000000093,143.4725290693173,0.3959753489990873,0.437849910869761,1.0101392362421309,0.9775389982630559,2.467161021160092,0.8302504998855089,8.715900643411446,7.721969914200201,1.8695801200518183,0.0,11.55000000000291,2.0271772387983504,361.0200000000041,143.4722102456997,147.09269279921452,174.482,84.30250272189367,0,0,0.0,0.9756017660788433,0.9722033703782633,0.9821983466571835,0.11364324088984216,1.13286195220939,1.574124254479898,0.6631143563113132,0.09421576237907185,0.08034999181739977,0.13381345044942844,0.09502331103740759,0.25691241520458236,0.962501823434881,0.0001608634988543578,0.9381839126164705,1.1296458806156278,143.01935253551835,0.9748431880939263,5.167706765882374e-06,0.1695893190157296,0.11953189387566211,0.39879966293609226,0.40741915705062515,0.4004912555238332,0.03677056694035942,0.4311612169843055,0.437849910869761,0.18365848436457782,0.09220310435982468,0.5,0.4092464375640767,0.8184928751281534,0.021719250985976834,0.4123632174767059,-0.7558336390188034,8.590116572295862,7.750885819283889,8.899556215959889,7.960791675007708,20.0,18.45846939086914,16.341002391579753,2.126079645509258,6.540627589914609,1.5188725298114318,0.0037735849056603774,5716.082636574645,39.967196992834076,1.2338484955542914,0.08014764651652163,0.20137451975174198,0.4520392022869554,0.04103595886993125,0.10510957870605526,0.1716885569576782,0.00320316113745667,0.0025867149160651057,0.02676875853772924,0.0033480481762625334,0.002542397515332549,nan,nan,nan
sim,Square,LoS,sim_Square_LoS,sim_square_LoS.csv,1077,2,1048,0,0,355.08000000000175,121.87065445280301,0.3429260103356058,0.36431633699958016,1.2524447456733578,1.2537785707616953,2.2236612860984266,1.021727266102184,7.306130035397292,6.420643215859784,1.7470508012185588,0.0,8.90999999998894,1.4812865965130557,354.41999999999825,121.8697689857471,127.38393768168758,174.482,73.00692202157677,0,0,0.0,1.2334611082658655,1.2508532866640019,1.235746827943249,0.07512600859452812,1.2818624413550084,1.762993863747393,0.9378264226539329,0.06128285567154032,0.013335175355990714,0.13777997509685685,0.12340070153135944,0.34408596822708976,0.9682649227742859,5.146011679484407e-07,1.184444513368227,1.28054313797709,124.64666469678949,0.9603889647713107,8.849320690837174e-05,0.15705904453395284,0.13072329897005586,0.34632069136788673,0.3543430275158317,0.3468115814525255,0.018445914454715745,0.3556635493188519,0.36431633699958016,0.23957881110109963,0.05326252492121866,0.5,0.3607613808479816,0.7215227616959632,0.014447473747559772,0.3631110973263546,-0.6471067658560561,7.185639110968833,6.364059752319338,7.563486850634687,6.588510652503378,18.99474334716797,19.209224700927734,13.549698863288171,1.9545672068054392,6.132510588192141,1.3936246778807888,0.0,4686.027854879632,37.59449052470579,0.8019019586439609,0.08110966322706273,0.22411674009625884,0.5228790230599545,0.038306758879652916,0.1003446757681748,0.17365633411478215,0.0029096887299963434,0.0017529356512972576,0.024572732609525832,0.0030242487644207144,0.001666327630996819,nan,nan,nan
sim,Square,MPC,sim_Square_MPC,sim_Square_MPC.csv,1100,1,1098,0,0,362.6700000000128,173.77767922304938,0.47873579965053886,0.7787703494329998,0.11351002361924462,0.041654625279362104,1.9243150494766688,0.12936498001042904,11.110859305154193,9.795922363210808,2.193759823963047,0.0,0.33000000000174623,1.5237889767953787,362.34000000001106,173.75619121094985,178.10167685167295,174.482,102.07452737340985,0,0,0.0,0.11221599543085856,0.04163287939484249,0.25392038079475415,0.2277786867826191,0.41764301095380074,1.9243150494766688,6.467984826091857e-05,0.05572777716013079,0.01268692481042999,0.11057953434172997,0.09551046156324784,0.2609582588247296,0.6806322606684798,7.987304909038729e-08,0.03899278146739846,0.2165479438194209,178.0570009388339,0.9750015716156576,0.00013307146493024303,0.17959339681429212,0.0744062715433469,0.47932588136126264,0.4947553408070242,0.4842432831687545,0.06883499655918762,0.5200151602848856,0.7787703494329998,0.04539051963169438,0.14360792779163,0.5,0.4918565811409335,0.983713162281867,0.034260300547338106,0.5,-1.6286837718132996,11.117397518051572,9.795550637095971,11.35052170969008,10.216291851313075,20.0,20.0,20.91294815514754,2.785861880109584,7.055010032095316,2.193240953741847,0.028233151183970857,7577.597634536391,42.557145153418844,2.2496103571934922,0.10337671848343093,0.2797427637963283,0.5660399484975688,0.05558729551239246,0.1179661300120007,1.6574127786524808,0.0036602873968230487,0.004784426462089098,0.024726195287126045,0.0036775126800908174,0.0044363886340964675,nan,nan,nan
sim,ToughAngles,PID,sim_ToughAngles_PID,sim_ToughAngles_PID.csv,871,2,869,0,0,287.09999999999127,134.2385548226208,0.4670546325536264,0.7744772060897444,1.6133817891181934,1.3607222941893946,10.137709615735417,1.2177964865503534,9.9287563972945,10.14308640822751,0.5066767666108234,0.0,0.0,0.3026461357581125,286.4399999999878,134.2356135557988,136.52398485641334,155.58,87.75162929451943,2,1,7.594936708860824,1.6133817891181934,1.3607222941893946,1.9626699297149701,1.117619101281444,4.079806507294569,10.137709615735417,0.516702824786906,0.2868522774948123,0.03105208795403029,0.870197664666511,0.8215593383846896,1.9295817990764557,4.760051757367413,0.0006404672681740299,1.0809316752607876,1.5633092148129573,136.52398485641334,0.9832383203360107,0.05111030321555748,0.06052725189519728,1.004018020412769,0.4681685180000674,0.47238511524417054,0.47356290488614905,0.07127456515355556,0.5116670621106727,0.7744772060897444,0.06571151398650005,0.15224126017278525,0.7,0.47662332375512906,0.6808904625073273,0.03477146119939579,0.5373391309269794,-11.299345920909895,9.951593259182344,10.166365322526007,10.256490320597305,10.462478644309043,20.0,20.0,20.11795858170835,2.1466602473717376,6.026668860959511,0.5078941083938661,0.05063291139240506,5769.226982476146,42.257973853779816,1.154554034486307,0.16819026917359606,0.3841929575323335,0.9968057819056818,0.05138541511641421,0.09652706616200873,0.8378718056137768,0.0033799598989194372,0.00830179108531715,0.028749874184892908,0.003282756422619562,0.0043078432579925895,nan,nan,nan
sim,ToughAngles,LoS,sim_ToughAngles_LoS,sim_ToughAngles_LoS.csv,786,0,736,0,0,259.04999999998836,115.9123120307265,0.44699401141123946,0.47726529238636545,1.5160082714046785,1.381721534192394,4.928435259594122,1.3421264993059616,9.435230164354994,9.960648420354488,0.5578355753543107,0.0,16.5,4.174030294481419,259.04999999998836,115.9123120307265,116.76248262175098,155.58,75.04980243074364,0,0,0.0,1.3636583354663787,1.379957948203354,1.3689972088315125,0.12078618257705317,1.4948528708253341,1.9952971108099842,0.5496075306417457,0.053205036224295774,0.015490280711771269,0.12096542854874506,0.10863636142817432,0.2635193714453228,0.9624318153565243,6.261898100712509e-05,1.3367894491373367,1.4642118171700005,111.87112129856742,0.9842718473655593,0.05206355927737559,0.11599287737636048,0.12257812748594095,0.45379258360348546,0.4657993683361818,0.45618273926834646,0.046636709498482275,0.466506433394509,0.47726529238636545,0.026787350057342327,0.10277098212612586,0.7,0.4612291127543714,0.6588987325062449,0.012991182555253833,0.46569895424154567,-0.9598135118112993,9.230629699373349,9.866726107728212,9.396615507507034,10.004485974229032,20.0,20.0,19.09735580710156,1.7874036543135592,5.69782804539175,-0.14483678131088396,0.020380434782608696,4638.365778428638,41.46169024309257,0.37343561739962416,0.09098730052321807,0.27639522851015924,0.28004313023191363,0.04393065947562374,0.08713357608838011,0.24737167594311638,0.0025704262596511836,0.0025975762551082404,0.028369643481849477,0.002850987198770966,0.0019966863097073697,nan,nan,nan
sim,ToughAngles,MPC,sim_ToughAngles_MPC,sim_ToughAngles_MPC.csv,601,4,597,0,0,198.0,131.6590279484576,0.6639108822369436,0.7817153282953357,0.27407426692749554,0.21440888419017975,1.1379734888775377,0.1960489297679474,16.430373563048448,16.833574392335386,0.6589015940461493,0.0,0.0,0.7293614886030431,196.68000000000757,131.6490195045426,136.47677577533403,155.58,87.7212853678712,0,0,0.0,0.27407426692749554,0.21440888419017975,0.3310101302360545,0.1856098125828636,0.7267998324036737,1.1379734888775377,0.048379276754807396,0.10036017780678608,0.0634633785181652,0.14685129300693264,0.10720604912223129,0.26800339318152133,0.7293614886030431,2.173253642196496e-05,0.2050452412742871,0.5993136128449743,136.47677577533403,0.9646258035965122,0.046826954264883494,0.17760560656252125,0.13507989101880039,0.6683219178823216,0.6960837403039993,0.6780091288433486,0.11420242060924897,0.7462348815399226,0.7817153282953357,0.02624917798397414,0.170879358515005,0.7,0.6939026630838356,0.9912895186911939,0.04715064517945545,0.7,-0.8710481308806172,16.540409119136335,16.946292467008817,16.743359051325225,17.21862888038599,20.0,20.0,33.48670158614515,3.412610026763673,7.839654839139849,0.6633353396056998,0.12060301507537688,6597.215079486768,48.3394705216879,2.626989735830335,0.11457656521927094,0.29784613865238413,0.5796225916342533,0.07059196867776565,0.1217477457058985,1.8303843807198807,0.0047826118705134105,0.0064389213301168265,0.033831122223248564,0.004316105030425363,0.004747193623146518,nan,nan,nan
sim,Lawnmower,PID,sim_Lawnmower_PID,sim_Lawnmower_PID.csv,1332,5,1304,0,0,439.2299999999959,180.17538160282692,0.40987310379795355,0.7677169559522445,1.9316496294963115,1.0029525027985593,14.829747252795116,0.8028397031222053,8.838526797097375,8.392133953608782,-0.3550348245446475,0.0,7.5900000000110595,3.9620156452752964,437.58000000000175,180.17317498995834,175.04057222974197,228.069,76.74895414534284,2,3,7.2085889570596695,1.794890080896943,0.9992774924990031,3.333648605220377,2.8091960808362115,10.260396488679312,14.829747252795116,0.714291977248851,0.2521402911511966,0.08952481749698227,0.5481685301247766,0.48673813390502696,1.412630209896391,3.1588888186531303,0.0006329821578079375,0.9261220527613732,1.7596963716848202,171.24085576588752,1.0292623045219487,0.0,1.2475942806343567,0.1514762628766294,0.40983262050116603,0.40924444457787257,0.4159555831443887,0.071107456164144,0.5370912072683315,0.7677169559522445,0.02692769780471063,0.17350365150824223,0.5,0.3982438097767186,0.7964876195534372,0.03984688522448805,0.4147755894477253,-3.985716636077553,8.675525916546205,8.493456124973708,9.162010182583963,8.914147501621871,20.0,20.0,17.16898204151991,2.5982211181109376,7.238426976719435,-0.07427672828080278,0.02223926380368098,7388.156352106718,43.1448226479752,1.1105598972321957,0.3034464809674544,0.750643293552977,2.5071560729321507,0.05029660073285044,0.11541641687971235,0.6976906439684795,0.003770524688573302,0.006781432184947925,0.028181427690663167,0.003694551692148112,0.0025470205872395253,0.4057514835834964,-14.492583130603462,0.2680597496610828
sim,Lawnmower,LoS,sim_Lawnmower_LoS,sim_Lawnmower_LoS.csv,1407,2,1321,0,0,463.9799999999959,158.5424717970826,0.34146606566264154,0.3576203307209877,1.4508342488129018,1.2231910821866132,10.229836864767382,1.1586556426532786,6.922271290498799,6.958461961329682,-0.43887576956749363,0.0,27.720000000001164,5.5818015727515835,463.31999999999243,158.54159342245748,169.05648258419563,228.069,74.12514747036889,0,0,0.0,1.2083299376472822,1.2170145417934464,1.2119402135555113,0.0934764302821482,1.287487489500832,1.8447231487347326,0.765521427218187,0.0632158312531949,0.029915885115439522,0.12369867020342268,0.10632553639207619,0.29492541332621336,0.9475649618266215,3.3552970855055264e-06,1.1565948059224125,1.2870775828643881,157.27485803735715,0.954494094366092,0.0,0.21188345695881658,0.10468997968493304,0.3445215555998466,0.35440782811029115,0.34557943948116326,0.027019376735535786,0.3558457430854046,0.3576203307209877,0.043428130594165365,0.07842579454424076,0.5,0.3610533931068877,0.7221067862137754,0.016531837507041167,0.3686810388155175,-2.0689010026486723,6.9029444588060835,6.816984318932451,7.300981582210885,7.193848635148438,20.0,20.0,13.719928777738534,2.2966802363888807,6.900949882547027,-0.001104394361381427,0.006056018168054504,5980.928552079464,38.02851025723913,0.8685953118086689,0.08840937863757155,0.23539153243019675,0.6233192731837369,0.04348930594600972,0.10955348304413039,0.6887052341597935,0.003185843423034953,0.0021120657369389615,0.02409902258962307,0.0033170393019087323,0.001969409680781052,nan,nan,nan
sim,Lawnmower,MPC,sim_Lawnmower_MPC,Sim_Lawnmower_MPC.csv,1080,8,1037,0,0,356.06999999999243,169.49587609027247,0.4755444778540184,0.7857916105165067,0.310343947206282,0.07466180241173032,10.182074177623909,0.019372399932255743,10.591358131832546,10.416055207885801,0.5946936578455357,0.0,11.55000000000291,5.716767151634588,353.429999999993,169.48706145931686,173.99984942842914,228.069,76.2926348729679,0,0,0.0,0.1219974632457776,0.07209953873345218,0.2089008044003634,0.16957642831689207,0.426110542280731,1.3796195543948566,0.0006908098133616246,0.06955264685272197,0.028641334216530367,0.1326243253718591,0.1129231641255296,0.2876836863134439,0.9278022973023592,7.489750990519184e-06,0.020879760137638557,0.23342116934975785,168.30024586547475,0.9647945020477444,0.0,0.30153025974108627,0.06175229418716308,0.4746690972265241,0.4911384209802654,0.47943355646729696,0.06742242360696778,0.5278442049012512,0.7734452319431013,0.06037651659436778,0.14204089543834805,0.5,0.4922787114352393,0.9845574228704786,0.039189651551228284,0.5,-1.544257712952135,10.459705608358798,10.172940814384015,10.870672491045731,10.626960108487973,20.0,20.0,20.632646422742813,3.418739670388755,7.538784768677383,0.3144039595651185,0.022179363548698167,7060.6979323264995,41.95298643811986,3.4321541170839716,0.10517744252903613,0.22290596896112955,0.567114405144229,0.0674816192685639,0.12635373677633188,4.2120042120043335,0.004401343442725883,0.005172937996432313,0.025617995605022877,0.004097348504711813,0.004661899448553001,nan,nan,nan
current-sim,Sin,PID,current_sim_Sin_PID,current_sim_sin_PID.csv,977,4,925,0,0,322.00999999999476,130.26053305903287,0.40405447085053314,0.7567823567625543,1.3724534771548733,1.1242034195954447,9.911035681599667,1.0635348862815626,8.634281636626596,9.254674154757966,-0.6762905856603982,0.0,15.839999999996508,7.530865568620703,320.75999999999476,130.25912688009842,120.08818296901134,132.209,90.83207873065474,0,0,0.0,1.1094574816381684,1.1200714008697568,1.1173886088793445,0.1328961989313854,1.2932962286553182,1.8404917040048303,0.7082735962536535,0.2593233348144796,0.190757228300585,0.312642035406804,0.17463232897721603,0.5649000758040701,0.9840489045463175,3.892227827936157e-05,1.059562075360937,1.2877904678161092,118.6498522001893,1.0134428553085293,0.09766612348682373,0.34407890572929933,0.3014518336571347,0.3943312635277645,0.3889313635322782,0.396095799109162,0.03734617351914884,0.4468593478002497,0.601469098175974,0.2573483504347247,0.0947076150773405,0.5,0.38911797258359565,0.7782359451671913,0.030100690240259086,0.3880875849278126,0.2655038954607942,8.534109109414604,8.84536173098804,8.674130726130803,9.003547487298224,12.659917831420898,14.587366104125977,17.379470840402647,1.3080831901447574,2.5500243549779325,-0.31125262157343425,0.0,5305.083474032908,44.712095090367455,0.39914694887040936,0.1414583613600654,0.17530541424346363,0.33799036758991147,0.03920091310567767,0.06754165814755801,0.9838646202282623,0.002981195040626261,0.0015177240706946305,0.018131694188022636,0.002388305577604166,0.0007929070374336625,nan,nan,nan
current-sim,Sin,LoS,current_sim_Sin_LoS,current_sim_Sin_LoS.csv,997,7,907,0,0,328.679999999993,108.46216766947404,0.3296896312654207,0.43167135681642116,1.833905198942718,1.5112456524397277,9.930100317875155,1.6346528729402738,6.528918896240361,6.922191448412544,-0.5922694016722527,0.0,27.389999999999418,6.8958429949937905,326.36999999999534,108.46030618828344,102.84927886500823,132.209,77.79294818432045,1,0,0.22050716648164834,1.4437266395357307,1.496138396971417,1.4521969730878541,0.15661876943837827,1.6310977923683703,1.9503705011417667,1.055733119042666,0.3345691851655506,0.19045301250080682,0.4251434953867064,0.262317464167535,0.793946496548289,1.002877099687591,0.0006214752277125674,1.3557943614459331,1.6242519322019136,99.06443983210468,0.992525503671771,0.1142737258429998,0.4158257368089502,0.42820884575136464,0.32876150265021686,0.3083129449167468,0.3318595980417818,0.045240105963894224,0.39252683548479567,0.4082627470228757,0.19198264345000585,0.13760767486218442,0.5,0.331341360064573,0.662682720129146,0.04283516139366936,0.32884112771081336,0.7603161962023062,6.633447427602406,6.877183937053827,6.7206612200627935,6.958187195341786,10.459466934204102,9.92786979675293,13.510631364656232,1.0794471826942234,1.9943810293749995,-0.24373650945142322,0.0,4043.8670737552256,40.82057174712549,0.13793152992162167,0.19102916569023895,0.23646829647360176,0.4729911347969292,0.03660293659402433,0.059579387756631234,0.8027292795504826,0.0022929663439204807,0.000707950223596257,0.01326965391485383,0.001979427827992427,0.000366018707413006,nan,nan,nan
current-sim,Sin,MPC,current_sim_Sin_MPC,current_sim_Sin_MPC.csv,989,1,939,0,0,326.04000000000815,148.36617080960053,0.4542245527679864,0.876374279783467,0.5922815027612331,0.23862272534988815,10.029698405259508,0.5981300828694831,11.00655179277168,10.671687378192365,-0.6620387681239617,0.0,16.169999999998254,6.407491990433066,325.7100000000064,148.3295854371994,132.1746264545473,132.209,99.97400060097823,0,0,0.0,0.28669525617439534,0.23564134012779223,0.32008846468091645,0.14234625147464947,0.5742136817751775,1.1413042252977252,0.03535525317433333,0.19615278861401877,0.19128002747190861,0.2568637685998285,0.1658405232090466,0.48943825414265496,0.9024116335468364,0.0004817369937353481,0.05340120327016663,0.2566504151013819,128.1741330788557,1.0747174618980289,0.07417295113078479,0.2405652107841351,0.2620787909486072,0.4444248994618421,0.4916578535051975,0.46001521694367065,0.11874556226682285,0.5143485107380721,0.7486245999135284,0.06540791341512148,0.2671892650718105,0.5,0.41407938579457365,0.8281587715891473,0.10189677133615355,0.5,-17.18412284108527,10.778478944374475,10.196271370641261,11.273053534768032,10.94054016084011,20.0,20.0,20.974750315015736,3.457894132296009,5.79147963588778,-0.11541918781100334,0.010649627263045794,6499.445880114134,50.70793711641898,2.616662945466227,0.1429858800736373,0.1799207312209032,0.36095064627120216,0.08084825754793697,0.12005650755171551,5.4274084124828965,0.0045243766741575875,0.009028491620653702,0.024116449343068423,0.004332800715625424,0.005892073552440253,nan,nan,nan
current-sim,Square,PID,current_sim_Square_PID,current_sim_Square_PID.csv,1228,9,1185,0,0,404.9100000000035,160.65890227280107,0.39646556215851536,0.49382027657316324,1.0722310064279756,1.0849906936464273,2.4648562142936448,0.8821396740156301,8.785285361159701,7.837461372133624,1.774709906507927,0.0,11.220000000001164,2.040109562771044,401.9400000000023,160.65573685535028,163.9352666475322,174.482,93.9554032206945,0,0,0.0,1.04355410192156,1.0813470830422192,1.0707259598937693,0.23968503823376236,1.3364637150112475,1.6222137752109727,0.3748289221611283,0.3763641828363332,0.3061920221456285,0.42360215699457654,0.19439338797499514,0.7106310729844745,0.9964234764064757,0.0010418059502868022,0.9185292626129559,1.2980650210233897,160.07214530663134,0.9793339448395689,9.415905583094159e-05,0.4141288909903263,0.4267096922380334,0.4010521853957798,0.40035945204539003,0.4048935249996106,0.0556409127879781,0.48035741078524374,0.49382027657316324,0.13529539127061857,0.13873733846648575,0.5,0.40968505657921495,0.8193701131584299,0.04496744680544325,0.41629414747740884,-1.5876012041587853,8.723998439689097,7.912112365373986,9.020377563751705,8.15908740809501,20.0,20.0,16.636110805063083,1.9544840212044914,6.166823820299234,1.4764553288802367,0.00590717299578059,6505.551130319967,40.64136903930443,1.12116081284723,0.20971024347761957,0.3092458426987583,0.6506634729796248,0.03906513131528333,0.1003036130688079,0.1535626535626531,0.0031116353155106148,0.002732583309842107,0.027576597777738805,0.0032882179225365224,0.002369014796880633,nan,nan,nan
current-sim,Square,LoS,current_sim_Square_LoS,current_sim_square_LoS.csv,1239,1,1211,0,0,408.54000000000815,135.48473995354686,0.33135095993622915,0.45099890276759863,1.3774050770480841,1.4817144679513818,2.227873059209616,0.8964454719185633,7.392819424025276,6.645407384584709,1.6023619990913112,0.0,8.910000000003492,1.4819763760398723,408.2100000000064,135.48449982876446,142.32979865938768,174.482,81.5727689156404,0,0,0.0,1.3638253520656958,1.476756733460966,1.391520008573781,0.2762396483563798,1.6297391705957913,1.7738350211597829,0.25564307539998576,0.4326528875667333,0.3617038137342341,0.48627186659440363,0.22197253686294857,0.8644919064021579,0.9699875207798034,0.004746509301055468,1.2158067115542561,1.596759274821638,139.5787364552094,0.9551772190217936,6.272769175629122e-05,0.35578032815715604,0.5226160748366323,0.3337358382023399,0.3171062929042513,0.33791619208838264,0.05298814183281306,0.43081000995540353,0.45099890276759863,0.19706519804458306,0.15877270513778927,0.5,0.3495585686331289,0.6991171372662578,0.04971845571731924,0.3568386576891488,-2.040162661513476,7.283925336434556,6.596305692940317,7.6195790315005825,6.824073390823851,20.0,20.0,13.880231029374873,1.7014539999109657,5.842157207706579,1.2902308007025634,0.00495458298926507,5546.956726269145,39.740700246624996,0.667680111601431,0.24517333151670326,0.3577823595831491,0.8943467544469133,0.033701102348975116,0.09357391998059725,0.15026296018031446,0.0026411431663428235,0.0019353687118144087,0.024643934653011023,0.0028690272089980325,0.001778216036984794,nan,nan,nan
current-sim,Square,MPC,current_sim_Square_MPC,current_sim_square_MPC.csv,992,4,985,0,0,326.72000000000116,157.81770952662424,0.4821022705662167,0.7776699503330313,0.2712109330440775,0.21965341900435884,1.9256964420962464,0.30819789796977887,11.29999994140798,10.092952569503517,1.943705229033272,0.0,0.9900000000052387,1.3583913400958538,325.7100000000064,157.8172029456114,161.30094281533084,174.482,92.44560631774672,0,0,0.0,0.26748533919287926,0.21943384637345975,0.3372278175162374,0.20536356595958072,0.5154598068446387,1.9256964420962464,0.02427989254786754,0.17909806497199285,0.14845599206109839,0.21022349761384151,0.11008088876950739,0.35473897246176234,0.9763224628513388,0.0002801024383920492,0.045176489178608156,0.2780819114813929,160.86949350480046,0.9786479873171531,7.279888149198756e-05,0.24591994253204735,0.19691037816179693,0.4846024300282962,0.49743620313688514,0.4883262774369619,0.06019167754856923,0.5209539436168877,0.7776699503330313,0.07004917968156096,0.12420836920907434,0.5,0.49540987159645195,0.9908197431929039,0.03009903414961824,0.5,-0.918025680709611,11.361190381612778,10.103765430403742,11.702264505460294,10.665868401185206,20.0,20.0,21.46495581201652,2.456791536058853,6.295268864098171,1.9157187849630193,0.02131979695431472,6977.1838866960325,43.371702954282185,1.825436873001697,0.1779236157518401,0.2687187840834852,0.5822403318622966,0.051261265619306565,0.10917632679802487,0.3695491500369536,0.0037318183569516254,0.0051090725159084185,0.028350792907045945,0.003472766338692137,0.004025436139203435,nan,nan,nan
current-sim,ToughAngles,PID,current_sim_ToughAngles_PID,current_sim_ToughAngles_PID.csv,825,0,777,0,0,271.91999999999825,123.77929431234375,0.4547737511070147,0.7286663713598542,1.5787346868264924,1.499777068845718,4.94028341077462,1.17251750055997,10.22505436890053,10.331105132988005,0.4225802267862093,0.0,15.839999999996508,4.864844039952647,271.91999999999825,123.77929431234375,125.61659742680858,155.58,80.74083907109434,1,0,2.316602316603193,1.433938450227808,1.4910563410595932,1.452579105854906,0.23196245326455284,1.716326200059651,2.2198790455332347,0.19909569750595868,0.3462080665176424,0.33276493223291226,0.4328059453315531,0.2597324796640863,0.6875448779843379,1.6284521120456823,2.4750528005135008e-05,1.335121874752134,1.5780384003183048,118.88322238041779,0.9836260051723017,0.05247871239219399,0.34622892167517694,0.4580006515058184,0.45637462556004166,0.44743482927769673,0.4619009837995526,0.07123706886113644,0.5419566937188003,0.5838951104679854,0.0356368732553758,0.15609340412762351,0.7,0.46424251163861674,0.6632035880551668,0.051351468852656006,0.46616587506940244,-0.41259206940004933,10.168934499895489,10.373692890027362,10.414624089446956,10.549339400617994,20.0,20.0,20.54262738992285,2.225034385824207,6.490333023992267,0.3936502050741283,0.032175032175032175,5267.33508905019,44.30679942536462,0.9446978848327988,0.24451585174419604,0.46282612437076853,1.0356991499345474,0.050838958471577114,0.09993442401127549,0.7029053420805951,0.0033305234397630603,0.0036212154265832333,0.030249506492481898,0.00350673363896926,0.003175734197582939,nan,nan,nan
current-sim,ToughAngles,LoS,current_sim_ToughAngles_LoS,current_sim_ToughAngles_LoS.csv,782,0,782,0,0,257.7299999999959,112.60384096414928,0.4365016289748388,0.5355429306438303,1.5578764156121834,1.5055072348682401,4.081074018287199,1.3389130695485045,9.614797551604108,10.163125766398352,0.5854653911498353,0.0,0.0,0.14344055452133514,257.7299999999959,112.60384096414928,114.42883431354987,155.58,73.54983565596469,1,1,3.4526854219962697,1.5578764156121834,1.5055072348682401,1.6365026834367196,0.5011607592129694,2.0415390639848585,4.081074018287199,0.18262198733739982,0.38034541088708873,0.3626185965934932,0.5766919000667502,0.4334869271612815,0.745525477179672,3.5080938459087947,0.0012906188292068034,1.3851200191696562,1.6604390545602037,114.42883431354987,0.9840512807777114,0.05192791366376158,0.5265753862768217,0.5925091455184002,0.4365016289748388,0.44491120751357405,0.4435337298543168,0.07866700338003374,0.5265406873762764,0.5355429306438303,0.04586868490350847,0.18022155739668116,0.7,0.4439872514396915,0.6342675020567021,0.05412053151794242,0.45216639463249625,-1.8088790520251887,9.614797551604749,10.163125766398945,9.903552642786973,10.38576295472018,20.0,20.0,19.777923318003698,2.6492502868213657,7.88833982149327,0.5854653911508658,0.03836317135549872,5103.890891443988,44.60318871604218,0.5444916534322244,0.24680332151558687,0.46962010831679535,0.9416276144063603,0.055940869275180806,0.11383395030323361,0.4656035385869006,0.003000314805063477,0.003700706521725622,0.02952634217766969,0.0036145354026177715,0.0025150039162170628,nan,nan,nan
current-sim,ToughAngles,MPC,current_sim_ToughAngles_MPC,current_sim_ToughAngles_MPC.csv,530,0,530,0,0,174.57000000000698,116.03886088524007,0.6637306540980759,0.8158968193042581,0.3684261389271154,0.32489794580042425,1.2221578083088493,0.2277394376734143,16.268833943273663,17.046431226100562,0.15886594993325787,0.0,0.0,0.19417634527079627,174.57000000000698,116.03886088524007,120.55324846704934,155.58,77.48634044674722,0,0,0.0,0.3684261389271154,0.32489794580042425,0.43489800568453646,0.2310810582969642,0.7154797332522539,1.2221578083088493,0.012352944907462568,0.15643713513592053,0.13347417694753852,0.19908776913374265,0.12313960601332195,0.40080652589211097,0.7529740022047415,0.00023479905834298441,0.2281442209071823,0.6627308270347686,120.55324846704934,0.9625527504300875,0.04696471114386415,0.1845461000672291,0.20372743260678727,0.6637306540980759,0.6892065160792145,0.6719684610523238,0.10489628906481285,0.7260418058118665,0.8158968193042581,0.04155208637510594,0.15804044670402234,0.7,0.6905725409122101,0.9865322013031573,0.047676445213727874,0.7,-1.3467798696842654,16.268833943273055,17.046431226100857,16.626912248119787,17.40934082488324,20.0,20.0,33.315265169373916,3.359586549564215,7.332915420217901,0.1588659499337739,0.41132075471698115,5826.839878123788,48.33415898963876,2.440649352614334,0.19814299620463327,0.4093882733446795,0.7178660542633363,0.0712839566478481,0.11852099690858121,0.687403333906142,0.00482292425936215,0.0062032233229333735,0.0341126242665943,0.004658256075710005,0.004573192156174195,nan,nan,nan
current-sim,Lawnmower,PID,current_sim_Lawnmower_PID,current_sim_lawnmower_PID.csv,1396,2,1371,1,0,460.3600000000006,181.78218301025436,0.3945248938620019,0.763375851740919,2.0264508306418865,1.1821945173247375,15.191198858828638,0.7701367542772518,8.865817844317986,8.577727829300956,-0.3475162546473278,0.0,7.5899999999965075,3.9619998931884766,459.6999999999971,181.78130483590158,173.47515394155363,228.069,76.0625748968749,3,3,5.909005514482556,1.8914636801774871,1.1788479152860123,3.352463378851081,2.7679190474266115,9.816379803583025,15.191198858828638,0.4276404946618126,0.5617375819429669,0.5218673397613998,0.7165471153313717,0.4448490277864825,1.1912465313439324,3.643803303089852,0.00033414303209733376,0.935178865919159,1.6122193125144815,169.6749276330277,1.0480299265680644,0.0,1.2499997320668974,0.5253958317537412,0.39322068690234635,0.38372101518536117,0.4018427039764639,0.08279523012325528,0.5915107025418522,0.763375851740919,0.049612311227721695,0.21055664892782436,0.5,0.37529567501941447,0.7505913500388289,0.047768130742682546,0.4129642268161682,-9.121504806158898,8.691934541391408,8.656350211526341,9.142614544722669,9.098880244070651,20.0,20.0,17.34828475291775,2.130337527957195,6.089900623280901,-0.09082358952723862,0.024070021881838075,7849.144695033866,46.2598971134378,1.4835878371565439,0.42318905438203236,0.7540304738582353,2.220168250955604,0.04441775334276724,0.10254468354062468,0.6635553294552202,0.003690576772766596,0.007180712147327701,0.02832691036832151,0.0034652342359315176,0.0028681744769965202,nan,nan,nan
current-sim,Lawnmower,LoS,current_sim_Lawnmower_LoS,current_sim_lawnmower_LoS.csv,1554,1,1483,2,0,512.4900000000052,164.49735892051586,0.3207438864347334,0.41999757789774617,1.6117923913998125,1.4609092154936134,10.18230846325649,1.3981097604266457,7.041926247457299,7.111515552445556,-0.3764352548479115,0.0,23.10000000000582,5.586627357739948,512.1600000000035,164.49711930562688,173.44327016584504,228.069,76.0485950154756,0,0,0.0,1.4239110297003785,1.45188914765367,1.4316355335552475,0.14851828316953392,1.636135853814812,1.9249167502776223,0.8202555305824781,0.5493618225710258,0.5978834731638432,0.5914484035286129,0.2191182373468394,0.8651329839799733,0.9949398167078058,0.0010986973225612928,1.2360132439614369,1.6075711241891177,163.1772458197359,0.9616836760390077,0.0,0.5244084159251947,0.6008354792838156,0.32075819982634624,0.3214585531943584,0.32345331981835834,0.04166806145813567,0.37949577280566915,0.39020165489951053,0.09222799481176333,0.12990489870779343,0.5,0.3336548599757426,0.6673097199514852,0.03517778795208482,0.3527973512077126,-5.4259169368592195,7.040981927638581,7.0032394368620166,7.308928656743603,7.256887151044195,20.0,20.0,14.044221364500599,1.6219514474917687,5.346242316820663,0.011849391924978738,0.004051316677920324,6863.902528579106,42.06409106917855,0.7052675824016168,0.3081895681496278,0.41896153552927823,1.0374203902106178,0.03368738020637277,0.09016041394720282,0.6134216660532479,0.0028704762162862466,0.0016127969535887925,0.02583796271857494,0.0028674746100546007,0.001647817751526586,nan,nan,nan
current-sim,Lawnmower,MPC,current_sim_Lawnmower_MPC,current_sim_lawnmower_MPC.csv,1101,7,1060,0,0,362.8700000000099,169.70367535177746,0.4670049125724328,0.8837990098573659,0.45918429589360255,0.25110126408298294,10.21385144378343,0.33612778685896844,10.819271819989158,10.72445995911455,0.4054600975115026,0.0,11.220000000001164,5.680652376436175,360.6900000000023,169.69909257821894,173.53047225414974,228.069,76.08682997432784,0,0,0.0,0.2783041473176784,0.24895121257298686,0.30880347925405816,0.1338147614622224,0.5225178509827716,1.2446237645090732,0.024818271923637083,0.20284933970471516,0.21513296556084027,0.22531414918178144,0.09807451862166398,0.3300738674823595,0.9497779947389706,0.004754162682953922,0.016943984892895017,0.3021782441172957,168.03051050440206,0.9677247279181913,0.0,0.28316502076684136,0.21257235718571318,0.4650816829423255,0.4818756958965773,0.4689912613230186,0.060430384649530225,0.5228839433029809,0.7302058558999651,0.12412200137969051,0.1299349917786897,0.5,0.4808152645560463,0.9616305291120926,0.04074379605245925,0.5,-3.836947088790743,10.69197371445159,10.497380267392293,11.176438234078907,11.030520469353135,20.0,20.0,21.189353981843887,2.763212742864932,6.291480831967855,0.1493799128699881,0.012264150943396227,7412.036022849053,44.11125099006869,2.9756629437271904,0.2151006886439715,0.3013199607651447,0.6775481728508109,0.0586179766621353,0.11314647659007818,1.3735084556614257,0.004468743472310531,0.0053049934908555646,0.029027834948582375,0.0037691819456354765,0.005803075790456206,nan,nan,nan
